,Links
0,https://www.mycareersfuture.sg/job/data-scientist-redmart-3fb28139930ac4848c84ddd669eb070e
1,https://www.mycareersfuture.sg/job/business-analyst-data-modelling-standard-chartered-bank-6933e4b43410e436ecafe4735725b014
2,https://www.mycareersfuture.sg/job/lead-metrology-engineer-ge-repair-solutions-singapore-9cf6aba23eac60317884675c8b332543
3,https://www.mycareersfuture.sg/job/project-officer-nanyang-technological-university-1ad4076db0db56b509d0317f06a0cead
4,https://www.mycareersfuture.sg/job/sales-manager-reeracoen-singapore-0135e82e49cd7a44b142508dd55c43fb
5,https://www.mycareersfuture.sg/job/corporate-strategy-analyst-go-to-market-singapore-google-asia-pacific-c77d284e62f98ec2d7e86713d9a06214
6,https://www.mycareersfuture.sg/job/pse-cluster-portfolio-planning-manager-tetra-pak-south-east-asia-04cd71de2b3502f4e78d0c74ad4f9fa2
7,https://www.mycareersfuture.sg/job/executive-facility-management-dksh-singapore-75b2614e816ec29511fcdae8cce8b009
8,https://www.mycareersfuture.sg/job/senior-planner-publicis-singapore-8090b5cf2771dd730bc8a7035b9aae6c
9,https://www.mycareersfuture.sg/job/research-technician-imcb-astar-research-entities-f1842c61c1954e956d3dc6c6a1455d2b
10,https://www.mycareersfuture.sg/job/software-engineer-senior-software-engineer-government-technology-agency-2e97d6e37730bf5be14b309a90ef2973
11,https://www.mycareersfuture.sg/job/risk-manager-standard-chartered-bank-92d8f3e1751c7f475bdf31a9c6c122e3
12,https://www.mycareersfuture.sg/job/application-specialist-australian-international-school-edfd68de11ee037907341976115cb652
13,https://www.mycareersfuture.sg/job/software-engineer-90-seconds-2945d1b7ed55fd8f4755faa0a22300a2
14,https://www.mycareersfuture.sg/job/operations-specialist-teledirect-516f411126dc3f4ff912a036e39a633f
15,https://www.mycareersfuture.sg/job/ux-researcher-social-media-internet-industry-chandler-macleod-group-fb67a18fafb4eccb588eb5edcd6a85de
16,https://www.mycareersfuture.sg/job/msbi-consultant-web-synergies-d37c782d892e570eee7818e57d779b58
17,https://www.mycareersfuture.sg/job/full-stack-developer-ace-pointer-information-technology-900a320ab04bece5ac28fe5ecc7c6767
18,https://www.mycareersfuture.sg/job/finance-assistant-st-lukes-hospital-4519314d3301d4b31aebd0c6f9e77640
19,https://www.mycareersfuture.sg/job/risk-manager-standard-chartered-bank-567f05e7976edfaec86a77c7457374ae
